url,link_text,post_title,page
https://www.aei.org/technology-and-innovation/illinois-bans-ai-therapy-questions-about-enforcement-remain/,Illinois Bans AI Therapy. Questions about Enforcement Remain.,Illinois Bans AI Therapy. Questions about Enforcement Remain.,1
https://www.aei.org/technology-and-innovation/ai-tools-for-economists-and-policy-analysts/,AI Tools for Economists and Policy Analysts,AI Tools for Economists and Policy Analysts,1
https://www.aei.org/events/americas-ai-action-plan-analyzing-the-strategy-for-global-leadership/,America’s AI Action Plan: Analyzing the Strategy for Global Leadership,America’s AI Action Plan: Analyzing the Strategy for Global Leadership,1
https://www.aei.org/technology-and-innovation/government-in-the-age-of-ai/,Government in the Age of AI,Government in the Age of AI,1
https://www.aei.org/articles/two-cheers-for-the-ai-moratorium/,Two Cheers for the AI Moratorium!,Two Cheers for the AI Moratorium!,1
https://www.aei.org/op-eds/why-new-yorks-new-ai-legislation-is-problematic/,Why New York’s New AI Legislation Is Problematic,Why New York’s New AI Legislation Is Problematic,1
https://www.aei.org/press/discussing-state-and-local-ai-regulation-rinehart-on-hearst-television/,Discussing state and local AI regulation: Rinehart on Hearst Television,Discussing state and local AI regulation: Rinehart on Hearst Television,1
https://www.aei.org/technology-and-innovation/technology-innovation/are-software-jobs-collapsing/,Are Software Jobs Collapsing?,Are Software Jobs Collapsing?,1
https://www.aei.org/technology-and-innovation/the-evidence-so-far-what-research-reveals-about-ais-real-impact-on-jobs-and-society/,The Evidence So Far: What Research Reveals About AI’s Real Impact on Jobs and Society,The Evidence So Far: What Research Reveals About AI’s Real Impact on Jobs and Society,1
https://www.aei.org/technology-and-innovation/should-nepa-apply-to-beads-broadband-grants/,Should NEPA Apply to BEAD’s Broadband Grants?,Should NEPA Apply to BEAD’s Broadband Grants?,1
https://www.aei.org/technology-and-innovation/chinas-ai-strategy-adoption-over-agi/,China’s AI Strategy: Adoption Over AGI,China’s AI Strategy: Adoption Over AGI,1
https://www.aei.org/technology-and-innovation/a-nepa-update-from-the-white-house/,A NEPA Update from the White House,A NEPA Update from the White House,1
https://www.aei.org/research-products/testimony/the-fragmented-privacy-landscape/,The Fragmented Privacy Landscape,The Fragmented Privacy Landscape,1
https://www.aei.org/technology-and-innovation/eight-pathways-to-overcome-vetocracy-and-unlock-abundance/,Eight Pathways to Overcome Vetocracy and Unlock Abundance,Eight Pathways to Overcome Vetocracy and Unlock Abundance,1
https://www.aei.org/research-products/testimony/response-to-the-development-of-an-artificial-intelligence-ai-action-plan/,Response to the Development of an Artificial Intelligence (AI) Action Plan,Response to the Development of an Artificial Intelligence (AI) Action Plan,1
https://www.aei.org/events/the-energy-demands-of-the-data-driven-future-challenges-and-solutions/,The Energy Demands of the Data-Driven Future: Challenges and Solutions,The Energy Demands of the Data-Driven Future: Challenges and Solutions,1
https://www.aei.org/articles/how-much-might-ai-legislation-cost-in-the-us/,How Much Might AI Legislation Cost in the US?,How Much Might AI Legislation Cost in the US?,1
https://www.aei.org/op-eds/why-utahs-simple-social-media-reform-could-set-a-dangerous-privacy-precedent/,Why Utah’s ‘Simple’ Social Media Reform Could Set a Dangerous Privacy Precedent,Why Utah’s ‘Simple’ Social Media Reform Could Set a Dangerous Privacy Precedent,1
https://www.aei.org/articles/this-silent-plane-just-made-history/,This Silent Plane Just Made History,This Silent Plane Just Made History,1
https://www.aei.org/technology-and-innovation/the-specter-of-a-trade-war/,The Specter of a Trade War,The Specter of a Trade War,1
https://www.aei.org/technology-and-innovation/the-value-of-waiting-what-finance-theory-can-teach-us-about-the-value-of-not-passing-ai-bills/,The Value of Waiting: What Finance Theory Can Teach Us About the Value of Not Passing AI Bills,The Value of Waiting: What Finance Theory Can Teach Us About the Value of Not Passing AI Bills,2
https://www.aei.org/articles/the-best-ai-law-may-be-one-that-already-exists/,The Best AI Law May Be One That Already Exists,The Best AI Law May Be One That Already Exists,2
https://www.aei.org/articles/ais-emerging-paradox/,AI’s Emerging Paradox,AI’s Emerging Paradox,2
https://www.aei.org/articles/a-flammable-landscape/,A Flammable Landscape,A Flammable Landscape,2
https://www.aei.org/articles/the-hardware-and-software-of-ai/,The Hardware and Software of AI,The Hardware and Software of AI,2
https://www.aei.org/articles/doge-needs-to-dig-deeper-than-its-leaders-understand/,DOGE Needs to Dig Deeper Than Its Leaders Understand,DOGE Needs to Dig Deeper Than Its Leaders Understand,2
https://www.aei.org/articles/a-venture-capitalist-as-ai-and-crypto-czar/,A Venture Capitalist as AI and Crypto Czar,A Venture Capitalist as AI and Crypto Czar,2
https://www.aei.org/articles/the-dojs-antitrust-remedies-arent-keeping-pace-with-the-market/,The DOJ’s Antitrust Remedies Aren’t Keeping Pace With the Market,The DOJ’s Antitrust Remedies Aren’t Keeping Pace With the Market,2
https://www.aei.org/events/what-comes-next-in-the-information-wars/,What Comes Next in the Information Wars?,What Comes Next in the Information Wars?,2
https://www.aei.org/technology-and-innovation/searching-for-ai-safety/,Searching for (AI) Safety,Searching for (AI) Safety,2
https://www.aei.org/articles/taking-a-swing-at-the-size-and-cost-of-government/,Taking a Swing at the Size and Cost of Government,Taking a Swing at the Size and Cost of Government,2
https://www.aei.org/articles/the-case-for-forward-looking-policies/,The Case for Forward-Looking Policies,The Case for Forward-Looking Policies,2
https://www.aei.org/articles/twenty-four-ways-to-understand-2024/,Twenty-Four Ways to Understand 2024,Twenty-Four Ways to Understand 2024,2
https://www.aei.org/articles/how-tech-regulatory-approaches-have-changed-and-not-for-the-better/,"How Tech Regulatory Approaches Have Changed, and Not for the Better","How Tech Regulatory Approaches Have Changed, and Not for the Better",2
https://www.aei.org/articles/why-western-north-carolina-spurned-flood-control-measures-decades-ago/,Why Western North Carolina Spurned Flood Control Measures Decades Ago,Why Western North Carolina Spurned Flood Control Measures Decades Ago,2
https://www.aei.org/events/a-conversation-with-office-of-science-and-technology-policy-director-arati-prabhakar-the-case-for-federal-research-and-development-in-the-age-of-global-competition/,A Conversation with Office of Science and Technology Policy Director Arati Prabhakar: The Case for F...,A Conversation with Office of Science and Technology Policy Director Arati Prabhakar: The Case for Federal Research and Development in the Age of Glob...,2
https://www.aei.org/articles/extending-years-of-life-through-innovations-in-drug-therapy/,Extending Years of Life Through Innovations in Drug Therapy,Extending Years of Life Through Innovations in Drug Therapy,2
https://www.aei.org/articles/a-decades-old-environmental-law-in-need-of-a-makeover/,A Decades-Old Environmental Law in Need of a Makeover,A Decades-Old Environmental Law in Need of a Makeover,2
https://www.aei.org/technology-and-innovation/a-risk-based-theory-of-regulation-and-regulatory-capture/,A Risk-Based Theory of Regulation and Regulatory Capture,A Risk-Based Theory of Regulation and Regulatory Capture,2
https://www.aei.org/articles/how-the-vetocracy-paralyzes-progress/,How the Vetocracy Paralyzes Progress,How the Vetocracy Paralyzes Progress,2
https://www.aei.org/articles/californias-sb-1047-moves-closer-to-changing-the-ai-landscape/,California’s SB 1047 Moves Closer to Changing the AI Landscape,California’s SB 1047 Moves Closer to Changing the AI Landscape,3
https://www.aei.org/articles/your-av-ride-might-take-awhile/,Your Autonomous Vehicle Ride Might Take a While,Your Autonomous Vehicle Ride Might Take a While,3
https://www.aei.org/articles/vipers-failure-and-the-future-of-space-exploration/,VIPER’s Failure and the Future of Space Exploration,VIPER’s Failure and the Future of Space Exploration,3
https://www.aei.org/articles/the-promise-of-geoengineering/,The Promise of Geoengineering,The Promise of Geoengineering,3
https://www.aei.org/technology-and-innovation/nasa-cancels-viper-project-reiterating-need-for-project-oversight/,"NASA Cancels the VIPER Project, Reiterating the Need for Project Oversight","NASA Cancels the VIPER Project, Reiterating the Need for Project Oversight",3
https://www.aei.org/articles/whats-behind-the-antitrust-ruling-against-google/,What’s Behind the Antitrust Ruling Against Google?,What’s Behind the Antitrust Ruling Against Google?,3
https://www.aei.org/articles/the-four-fault-lines-in-ai-policy/,The Four Fault Lines in AI Policy,The Four Fault Lines in AI Policy,3
https://www.aei.org/articles/james-c-scott-legibility-and-the-omnipresence-of-tech/,"James C. Scott, Legibility, and the Omnipresence of Tech","James C. Scott, Legibility, and the Omnipresence of Tech",3
https://www.aei.org/articles/the-power-of-tumblr/,The Power of Tumblr,The Power of Tumblr,3
https://www.aei.org/articles/the-supreme-court-term-in-review/,The Supreme Court Term in Review,The Supreme Court Term in Review,3
https://www.aei.org/articles/the-haphazard-road-to-rural-broadband/,The Haphazard Road to Rural Broadband,The Haphazard Road to Rural Broadband,3
https://www.aei.org/articles/the-lurking-dangers-in-state-level-ai-regulation/,The Lurking Dangers in State-Level AI Regulation,The Lurking Dangers in State-Level AI Regulation,3
https://www.aei.org/articles/transformative-growth-with-ai-is-likely-explosive-growth-is-science-fiction/,Transformative Growth with AI Is Likely. Explosive Growth Is Science Fiction.,Transformative Growth with AI Is Likely. Explosive Growth Is Science Fiction.,3
https://www.aei.org/articles/the-economics-of-ai-and-the-impending-robot-takeover-part-i/,"The Economics of AI and the Impending Robot Takeover, Part I","The Economics of AI and the Impending Robot Takeover, Part I",3
https://www.aei.org/articles/is-this-the-compute-era/,Is This the “Compute Era”?,Is This the “Compute Era”?,3
https://www.aei.org/articles/cambridge-analytica-a-redux/,"Cambridge Analytica, a Redux","Cambridge Analytica, a Redux",3
https://www.aei.org/articles/whats-next-for-the-affordable-connectivity-program/,What’s Next for the Affordable Connectivity Program?,What’s Next for the Affordable Connectivity Program?,3
https://www.aei.org/technology-and-innovation/automation-isnt-just-one-thing-insights-from-two-census-datasets/,Automation Isn’t Just One Thing: Insights from Two Census Datasets,Automation Isn’t Just One Thing: Insights from Two Census Datasets,3
https://www.aei.org/articles/a-new-proposed-ai-regulation-in-california/,A New Proposed AI Regulation in California,A New Proposed AI Regulation in California,3
https://www.aei.org/articles/human-ambition-and-natural-beauty-meet-in-the-city/,Human Ambition and Natural Beauty Meet in the City,Human Ambition and Natural Beauty Meet in the City,3
https://www.aei.org/articles/the-expansive-and-expensive-american-privacy-rights-act/,The Expansive and Expensive American Privacy Rights Act,The Expansive and Expensive American Privacy Rights Act,4
https://www.aei.org/technology-and-innovation/the-past-and-present-of-net-neutrality/,The Past and Present of Net Neutrality,The Past and Present of Net Neutrality,4
https://www.aei.org/articles/what-happens-online-often-actually-stays-online/,The Twitter Electorate Isn’t the Real Electorate,The Twitter Electorate Isn’t the Real Electorate,4
https://www.aei.org/articles/why-dojs-antitrust-case-against-apple-falls-flat/,Why DOJ’s Antitrust Case Against Apple Could Fall Flat,Why DOJ’s Antitrust Case Against Apple Could Fall Flat,4
https://www.aei.org/articles/unpacking-the-tin-tok-ban/,The TikTok Ban’s Free Speech Dilemma,The TikTok Ban’s Free Speech Dilemma,4
https://www.aei.org/technology-and-innovation/would-it-even-be-constitutional-to-pause-ai/,Would It Even Be Constitutional to Pause AI?,Would It Even Be Constitutional to Pause AI?,4
https://www.aei.org/articles/why-im-out-of-step-with-my-generation/,Why I’m Out of Step with My Generation,Why I’m Out of Step with My Generation,4
https://www.aei.org/technology-and-innovation/ais-automatic-stabilizers/,AI’s Automatic Stabilizers,AI’s Automatic Stabilizers,4
https://www.aei.org/technology-and-innovation/child-online-safety-at-scale/,Child Online Safety Enforcement at Scale,Child Online Safety Enforcement at Scale,4
https://www.aei.org/technology-and-innovation/to-understand-ai-adoption-focus-on-the-interdependencies/,"To Understand AI Adoption, Focus on the Interdependencies","To Understand AI Adoption, Focus on the Interdependencies",4
